ENTRY,NAME,REPS
1,ND-01,2
2,ND-02,2
3,ND-03,2
4,ND-04,2
5,ND-05,2
6,ND-06,2
7,ND-07,2
8,ND-08,2
9,ND-09,2
10,ND-10,2
11,ND-11,2
12,ND-12,2
13,ND-13,2
14,ND-14,2
15,ND-15,2
16,ND-16,2
17,ND-17,2
18,ND-18,2
19,ND-19,2
20,ND-20,2
21,ND-21,2
22,ND-22,2
23,ND-23,2
24,ND-24,2
25,ND-25,2
26,ND-26,2
27,ND-27,2
28,ND-28,2
29,ND-29,2
30,ND-30,2
31,ND-31,2
32,ND-32,2
33,ND-33,2
34,ND-34,2
35,ND-35,2
36,ND-36,2
37,ND-37,2
38,ND-38,2
39,ND-39,2
40,ND-40,2
41,ND-41,2
42,ND-42,2
43,ND-43,2
44,ND-44,2
45,ND-45,2
46,ND-46,2
47,ND-47,2
48,ND-48,2
49,ND-49,2
50,ND-50,2
51,ND-51,2
52,ND-52,2
53,ND-53,2
54,ND-54,2
55,ND-55,2
56,ND-56,2
57,ND-57,2
58,ND-58,2
59,ND-59,2
60,ND-60,2
61,ND-61,2
62,ND-62,2
63,ND-63,2
64,ND-64,2
65,ND-65,2
66,ND-66,2
67,ND-67,2
68,ND-68,2
69,ND-69,2
70,ND-70,2
71,ND-71,2
72,ND-72,2
73,ND-73,2
74,ND-74,2
75,ND-75,2
76,ND-76,2
77,ND-77,2
78,ND-78,2
79,ND-79,2
80,ND-80,2
81,ND-81,2
82,ND-82,2
83,ND-83,2
84,ND-84,2
85,ND-85,2
86,ND-86,2
87,ND-87,2
88,ND-88,2
89,ND-89,2
90,ND-90,2
91,ND-91,2
92,ND-92,2
93,ND-93,2
94,ND-94,2
95,ND-95,2
96,ND-96,2
97,ND-97,2
98,ND-98,2
99,ND-99,2
100,ND-100,2
101,ND-101,2
102,ND-102,2
103,ND-103,2
104,ND-104,2
105,ND-105,2
106,ND-106,2
107,ND-107,2
108,ND-108,2
109,ND-109,2
110,ND-110,2
111,ND-111,2
112,ND-112,2
113,ND-113,2
114,ND-114,2
115,ND-115,2
116,ND-116,2
117,ND-117,2
118,ND-118,2
119,ND-119,2
120,ND-120,2
121,ND-121,2
122,ND-122,2
123,ND-123,2
124,ND-124,2
125,ND-125,2
126,ND-126,2
127,ND-127,2
128,ND-128,2
129,ND-129,2
130,ND-130,2
131,ND-131,2
132,ND-132,2
133,ND-133,2
134,ND-134,2
135,ND-135,2
136,ND-136,2
137,ND-137,2
138,ND-138,2
139,ND-139,2
140,ND-140,2
141,ND-141,2
142,ND-142,2
143,ND-143,2
144,ND-144,2
145,ND-145,2
146,ND-146,2
147,ND-147,2
148,ND-148,2
149,ND-149,2
150,ND-150,2
151,ND-151,1
152,ND-152,1
153,ND-153,1
154,ND-154,1
155,ND-155,1
156,ND-156,1
157,ND-157,1
158,ND-158,1
159,ND-159,1
160,ND-160,1
161,ND-161,1
162,ND-162,1
163,ND-163,1
164,ND-164,1
165,ND-165,1
166,ND-166,1
167,ND-167,1
168,ND-168,1
169,ND-169,1
170,ND-170,1
171,ND-171,1
172,ND-172,1
173,ND-173,1
174,ND-174,1
175,ND-175,1
176,ND-176,1
177,ND-177,1
178,ND-178,1
179,ND-179,1
180,ND-180,1
181,ND-181,1
182,ND-182,1
183,ND-183,1
184,ND-184,1
185,ND-185,1
186,ND-186,1
187,ND-187,1
188,ND-188,1
189,ND-189,1
190,ND-190,1
191,ND-191,1
192,ND-192,1
193,ND-193,1
194,ND-194,1
195,ND-195,1
196,ND-196,1
197,ND-197,1
198,ND-198,1
199,ND-199,1
200,ND-200,1
201,ND-201,1
202,ND-202,1
203,ND-203,1
204,ND-204,1
205,ND-205,1
206,ND-206,1
207,ND-207,1
208,ND-208,1
209,ND-209,1
210,ND-210,1
211,ND-211,1
212,ND-212,1
213,ND-213,1
214,ND-214,1
215,ND-215,1
216,ND-216,1
217,ND-217,1
218,ND-218,1
219,ND-219,1
220,ND-220,1
221,ND-221,1
222,ND-222,1
223,ND-223,1
224,ND-224,1
225,ND-225,1
226,ND-226,1
227,ND-227,1
228,ND-228,1
229,ND-229,1
230,ND-230,1
231,ND-231,1
232,ND-232,1
233,ND-233,1
234,ND-234,1
235,ND-235,1
236,ND-236,1
237,ND-237,1
238,ND-238,1
239,ND-239,1
240,ND-240,1
241,ND-241,1
242,ND-242,1
243,ND-243,1
244,ND-244,1
245,ND-245,1
246,ND-246,1
247,ND-247,1
248,ND-248,1
249,ND-249,1
250,ND-250,1
251,ND-251,1
252,ND-252,1
253,ND-253,1
254,ND-254,1
255,ND-255,1
256,ND-256,1
257,ND-257,1
258,ND-258,1
259,ND-259,1
260,ND-260,1
261,ND-261,1
262,ND-262,1
263,ND-263,1
264,ND-264,1
265,ND-265,1
266,ND-266,1
267,ND-267,1
268,ND-268,1
269,ND-269,1
270,ND-270,1
271,ND-271,1
272,ND-272,1
273,ND-273,1
274,ND-274,1
275,ND-275,1
276,ND-276,1
277,ND-277,1
278,ND-278,1
279,ND-279,1
280,ND-280,1
281,ND-281,1
282,ND-282,1
283,ND-283,1
284,ND-284,1
285,ND-285,1
286,ND-286,1
287,ND-287,1
288,ND-288,1
289,ND-289,1
290,ND-290,1
291,ND-291,1
292,ND-292,1
293,ND-293,1
294,ND-294,1
295,ND-295,1
296,ND-296,1
297,ND-297,1
298,ND-298,1
299,ND-299,1
300,ND-300,1
301,ND-301,1
302,ND-302,1
303,ND-303,1
304,ND-304,1
305,ND-305,1
306,ND-306,1
307,ND-307,1
308,ND-308,1
309,ND-309,1
310,ND-310,1
311,ND-311,1
312,ND-312,1
313,ND-313,1
314,ND-314,1
315,ND-315,1
316,ND-316,1
317,ND-317,1
318,ND-318,1
319,ND-319,1
320,ND-320,1
321,ND-321,1
322,ND-322,1
323,ND-323,1
324,ND-324,1
325,ND-325,1
326,ND-326,1
327,ND-327,1
328,ND-328,1
329,ND-329,1
330,ND-330,1
331,ND-331,1
332,ND-332,1
333,ND-333,1
334,ND-334,1
335,ND-335,1
336,ND-336,1
337,ND-337,1
338,ND-338,1
339,ND-339,1
340,ND-340,1
341,ND-341,1
342,ND-342,1
343,ND-343,1
344,ND-344,1
345,ND-345,1
346,ND-346,1
347,ND-347,1
348,ND-348,1
349,ND-349,1
350,ND-350,1
